name,params,desc
actions.cancelWorkflowRun,!owner;!repo;!run_id,"Cancel a workflow run"
actions.createOrUpdateSecretForRepo,!owner;!repo;!name;encrypted_value;key_id,"Create or update a secret for a repository"
actions.createRegistrationToken,!owner;!repo,"Create a registration token"
actions.createRemoveToken,!owner;!repo,"Create a remove token"
actions.deleteArtifact,!owner;!repo;!artifact_id,"Delete an artifact"
actions.deleteSecretFromRepo,!owner;!repo;!name,"Delete a secret from a repository"
actions.downloadArtifact,!owner;!repo;!artifact_id;!archive_format,"Download an artifact"
actions.getArtifact,!owner;!repo;!artifact_id,"Get an artifact"
actions.getPublicKey,!owner;!repo,"Get your public key"
actions.getSecret,!owner;!repo;!name;per_page;page,"Get a secret"
actions.getSelfHostedRunner,!owner;!repo;!runner_id,"Get a self-hosted runner"
actions.getWorkflow,!owner;!repo;!workflow_id,"Get a workflow"
actions.getWorkflowJob,!owner;!repo;!job_id,"Get a workflow job"
actions.getWorkflowRun,!owner;!repo;!run_id,"Get a workflow run"
actions.listDownloadsForSelfHostedRunnerApplication,!owner;!repo,"List downloads for the self-hosted runner application"
actions.listJobsForWorkflowRun,!owner;!repo;!run_id;per_page;page,"List jobs for a workflow run"
actions.listRepoWorkflowRuns,!owner;!repo;actor;branch;event;status;per_page;page,"List repository workflow runs"
actions.listRepoWorkflows,!owner;!repo;per_page;page,"List repository workflows"
actions.listSecretsForRepo,!owner;!repo;per_page;page,"List secrets for a repository"
actions.listSelfHostedRunnersForRepo,!owner;!repo;per_page;page,"List self-hosted runners for a repository"
actions.listWorkflowJobLogs,!owner;!repo;!job_id;per_page;page,"List workflow job logs"
actions.listWorkflowRunArtifacts,!owner;!repo;!run_id;per_page;page,"List workflow run artifacts"
actions.listWorkflowRunLogs,!owner;!repo;!run_id;per_page;page,"List workflow run logs"
actions.listWorkflowRuns,!owner;!repo;!workflow_id;actor;branch;event;status;per_page;page,"List workflow runs"
actions.reRunWorkflow,!owner;!repo;!run_id,"Re-run a workflow"
actions.removeSelfHostedRunner,!owner;!repo;!runner_id,"Remove a self-hosted runner"
activity.checkStarringRepo,!owner;!repo,"Check if you are starring a repository"
activity.deleteRepoSubscription,!owner;!repo,"Delete a Repository Subscription"
activity.deleteThreadSubscription,!thread_id,"Delete a thread subscription"
activity.getRepoSubscription,!owner;!repo,"Get a Repository Subscription"
activity.getThread,!thread_id,"View a single thread"
activity.getThreadSubscription,!thread_id,"Get a thread subscription"
activity.listEventsForOrg,!username;!org;per_page;page,"List events for an organization"
activity.listEventsForUser,!username;per_page;page,"List events performed by a user"
activity.listFeeds,,"List feeds"
activity.listNotifications,all;participating;since;before;per_page;page,"List your notifications"
activity.listNotificationsForRepo,!owner;!repo;all;participating;since;before;per_page;page,"List your notifications in a repository"
activity.listPublicEvents,per_page;page,"List public events"
activity.listPublicEventsForOrg,!org;per_page;page,"List public events for an organization"
activity.listPublicEventsForRepoNetwork,!owner;!repo;per_page;page,"List public events for a network of repositories"
activity.listPublicEventsForUser,!username;per_page;page,"List public events performed by a user"
activity.listReceivedEventsForUser,!username;per_page;page,"List events that a user has received"
activity.listReceivedPublicEventsForUser,!username;per_page;page,"List public events that a user has received"
activity.listRepoEvents,!owner;!repo;per_page;page,"List repository events"
activity.listReposStarredByAuthenticatedUser,sort;direction;per_page;page,"List repositories being starred by the authenticated user"
activity.listReposStarredByUser,!username;sort;direction;per_page;page,"List repositories being starred by a user"
activity.listReposWatchedByUser,!username;per_page;page,"List repositories being watched by a user"
activity.listStargazersForRepo,!owner;!repo;per_page;page,"List Stargazers"
activity.listWatchedReposForAuthenticatedUser,per_page;page,"List repositories being watched by the authenticated user"
activity.listWatchersForRepo,!owner;!repo;per_page;page,"List watchers"
activity.markAsRead,last_read_at,"Mark as read"
activity.markNotificationsAsReadForRepo,!owner;!repo;last_read_at,"Mark notifications as read in a repository"
activity.markThreadAsRead,!thread_id,"Mark a thread as read"
activity.setRepoSubscription,!owner;!repo;subscribed;ignored,"Set a Repository Subscription"
activity.setThreadSubscription,!thread_id;ignored,"Set a thread subscription"
activity.starRepo,!owner;!repo,"Star a repository"
activity.unstarRepo,!owner;!repo,"Unstar a repository"
apps.addRepoToInstallation,!installation_id;!repository_id,"Add repository to installation"
apps.checkAccountIsAssociatedWithAny,!account_id,"Check if a GitHub account is associated with any Marketplace listing"
apps.checkAccountIsAssociatedWithAnyStubbed,!account_id,"Check if a GitHub account is associated with any Marketplace listing (stubbed)"
apps.checkToken,!client_id;access_token,"Check a token"
apps.createContentAttachment,!content_reference_id;!title;!body,"Create a content attachment"
apps.createFromManifest,!code,"Create a GitHub App from a manifest"
apps.createInstallationToken,!installation_id;repository_ids;permissions,"Create a new installation token"
apps.deleteAuthorization,!client_id;access_token,"Delete an app authorization"
apps.deleteInstallation,!installation_id,"Delete an installation"
apps.deleteToken,!client_id;access_token,"Delete an app token"
apps.getAuthenticated,,"Get the authenticated GitHub App"
apps.getBySlug,!app_slug,"Get a single GitHub App"
apps.getInstallation,!installation_id,"Get an installation"
apps.getOrgInstallation,!org,"Get an organization installation"
apps.getRepoInstallation,!owner;!repo,"Get a repository installation"
apps.getUserInstallation,!username,"Get a user installation"
apps.listAccountsUserOrOrgOnPlan,!plan_id;sort;direction;per_page;page,"List all GitHub accounts (user or organization) on a specific plan"
apps.listAccountsUserOrOrgOnPlanStubbed,!plan_id;sort;direction;per_page;page,"List all GitHub accounts (user or organization) on a specific plan (stubbed)"
apps.listInstallationReposForAuthenticatedUser,!installation_id;per_page;page,"List repositories accessible to the user for an installation"
apps.listInstallations,per_page;page,"List installations"
apps.listInstallationsForAuthenticatedUser,per_page;page,"List installations for a user"
apps.listMarketplacePurchasesForAuthenticatedUser,per_page;page,"Get a user's Marketplace purchases"
apps.listMarketplacePurchasesForAuthenticatedUserStubbed,per_page;page,"Get a user's Marketplace purchases (stubbed)"
apps.listPlans,per_page;page,"List all plans for your Marketplace listing"
apps.listPlansStubbed,per_page;page,"List all plans for your Marketplace listing (stubbed)"
apps.listRepos,per_page;page,"List repositories"
apps.removeRepoFromInstallation,!installation_id;!repository_id,"Remove repository from installation"
apps.resetToken,!client_id;access_token,"Reset a token"
apps.revokeInstallationToken,,"Revoke an installation token"
checks.create,!owner;!repo;!name;!head_sha;details_url;external_id;status;started_at;conclusion;completed_at;output;!output.title;!output.summary;output.text;output.annotations;!output.annotations[].path;!output.annotations[].start_line;!output.annotations[].end_line;output.annotations[].start_column;output.annotations[].end_column;!output.annotations[].annotation_level;!output.annotations[].message;output.annotations[].title;output.annotations[].raw_details;output.images;!output.images[].alt;!output.images[].image_url;output.images[].caption;actions;!actions[].label;!actions[].description;!actions[].identifier,"Create a check run"
checks.createSuite,!owner;!repo;!head_sha,"Create a check suite"
checks.get,!owner;!repo;!check_run_id,"Get a single check run"
checks.getSuite,!owner;!repo;!check_suite_id,"Get a single check suite"
checks.listAnnotations,!owner;!repo;!check_run_id;per_page;page,"List annotations for a check run"
checks.listForRef,!owner;!repo;!ref;check_name;status;filter;per_page;page,"List check runs for a specific ref"
checks.listForSuite,!owner;!repo;!check_suite_id;check_name;status;filter;per_page;page,"List check runs in a check suite"
checks.listSuitesForRef,!owner;!repo;!ref;app_id;check_name;per_page;page,"List check suites for a specific ref"
checks.rerequestSuite,!owner;!repo;!check_suite_id,"Rerequest check suite"
checks.setSuitesPreferences,!owner;!repo;auto_trigger_checks;!auto_trigger_checks[].app_id;!auto_trigger_checks[].setting,"Set preferences for check suites on a repository"
checks.update,!owner;!repo;!check_run_id;name;details_url;external_id;started_at;status;conclusion;completed_at;output;output.title;!output.summary;output.text;output.annotations;!output.annotations[].path;!output.annotations[].start_line;!output.annotations[].end_line;output.annotations[].start_column;output.annotations[].end_column;!output.annotations[].annotation_level;!output.annotations[].message;output.annotations[].title;output.annotations[].raw_details;output.images;!output.images[].alt;!output.images[].image_url;output.images[].caption;actions;!actions[].label;!actions[].description;!actions[].identifier,"Update a check run"
codesOfConduct.getConductCode,!key,"Get an individual code of conduct"
codesOfConduct.getForRepo,!owner;!repo,"Get the contents of a repository's code of conduct"
codesOfConduct.listConductCodes,,"List all codes of conduct"
emojis.get,,"Get"
gists.checkIsStarred,!gist_id,"Check if a gist is starred"
gists.create,!files;files.content;description;public,"Create a gist"
gists.createComment,!gist_id;!body,"Create a comment"
gists.delete,!gist_id,"Delete a gist"
gists.deleteComment,!gist_id;!comment_id,"Delete a comment"
gists.fork,!gist_id,"Fork a gist"
gists.get,!gist_id,"Get a single gist"
gists.getComment,!gist_id;!comment_id,"Get a single comment"
gists.getRevision,!gist_id;!sha,"Get a specific revision of a gist"
gists.list,since;per_page;page,"List the authenticated user's gists or if called anonymously, this will return all public gists"
gists.listComments,!gist_id;per_page;page,"List comments on a gist"
gists.listCommits,!gist_id;per_page;page,"List gist commits"
gists.listForks,!gist_id;per_page;page,"List gist forks"
gists.listPublic,since;per_page;page,"List all public gists"
gists.listPublicForUser,!username;since;per_page;page,"List public gists for the specified user"
gists.listStarred,since;per_page;page,"List starred gists"
gists.star,!gist_id,"Star a gist"
gists.unstar,!gist_id,"Unstar a gist"
gists.update,!gist_id;description;files;files.content;files.filename,"Edit a gist"
gists.updateComment,!gist_id;!comment_id;!body,"Edit a comment"
git.createBlob,!owner;!repo;!content;encoding,"Create a blob"
git.createCommit,!owner;!repo;!message;!tree;!parents;author;author.name;author.email;author.date;committer;committer.name;committer.email;committer.date;signature,"Create a commit"
git.createRef,!owner;!repo;!ref;!sha,"Create a reference"
git.createTag,!owner;!repo;!tag;!message;!object;!type;tagger;tagger.name;tagger.email;tagger.date,"Create a tag object"
git.createTree,!owner;!repo;!tree;tree[].path;tree[].mode;tree[].type;tree[].sha;tree[].content;base_tree,"Create a tree"
DELETE,!owner;!repo;!ref,"Delete a reference"
git.getBlob,!owner;!repo;!file_sha,"Get a blob"
git.getCommit,!owner;!repo;!commit_sha,"Get a commit"
git.getRef,!owner;!repo;!ref,"Get a single reference"
git.getTag,!owner;!repo;!tag_sha,"Get a tag"
git.getTree,!owner;!repo;!tree_sha;recursive,"Get a tree"
git.listMatchingRefs,!owner;!repo;!ref;per_page;page,"List matching references"
git.updateRef,!owner;!repo;!ref;!sha;force,"Update a reference"
gitignore.getTemplate,!name,"Get a single template"
gitignore.listTemplates,,"Listing available templates"
interactions.addOrUpdateRestrictionsForOrg,!org;!limit,"Add or update interaction restrictions for an organization"
interactions.addOrUpdateRestrictionsForRepo,!owner;!repo;!limit,"Add or update interaction restrictions for a repository"
interactions.getRestrictionsForOrg,!org,"Get interaction restrictions for an organization"
interactions.getRestrictionsForRepo,!owner;!repo,"Get interaction restrictions for a repository"
interactions.removeRestrictionsForOrg,!org,"Remove interaction restrictions for an organization"
interactions.removeRestrictionsForRepo,!owner;!repo,"Remove interaction restrictions for a repository"
issues.addAssignees,!owner;!repo;!issue_number;assignees,"Add assignees to an issue"
issues.addLabels,!owner;!repo;!issue_number;!labels,"Add labels to an issue"
issues.checkAssignee,!owner;!repo;!assignee,"Check assignee"
issues.create,!owner;!repo;!title;body;assignee;milestone;labels;assignees,"Create an issue"
issues.createComment,!owner;!repo;!issue_number;!body,"Create a comment"
issues.createLabel,!owner;!repo;!name;!color;description,"Create a label"
issues.createMilestone,!owner;!repo;!title;state;description;due_on,"Create a milestone"
issues.deleteComment,!owner;!repo;!comment_id,"Delete a comment"
issues.deleteLabel,!owner;!repo;!name,"Delete a label"
issues.deleteMilestone,!owner;!repo;!milestone_number,"Delete a milestone"
issues.get,!owner;!repo;!issue_number,"Get a single issue"
issues.getComment,!owner;!repo;!comment_id,"Get a single comment"
issues.getEvent,!owner;!repo;!event_id,"Get a single event"
issues.getLabel,!owner;!repo;!name,"Get a single label"
issues.getMilestone,!owner;!repo;!milestone_number,"Get a single milestone"
issues.list,filter;state;labels;sort;direction;since;per_page;page,"List all issues assigned to the authenticated user across all visible repositories including owned repositories, member repositories, and organization repositories"
issues.listAssignees,!owner;!repo;per_page;page,"List assignees"
issues.listComments,!owner;!repo;!issue_number;since;per_page;page,"List comments on an issue"
issues.listCommentsForRepo,!owner;!repo;sort;direction;since;per_page;page,"List comments in a repository"
issues.listEvents,!owner;!repo;!issue_number;per_page;page,"List events for an issue"
issues.listEventsForRepo,!owner;!repo;per_page;page,"List events for a repository"
issues.listEventsForTimeline,!owner;!repo;!issue_number;per_page;page,"List events for an issue"
issues.listForAuthenticatedUser,filter;state;labels;sort;direction;since;per_page;page,"List all issues across owned and member repositories assigned to the authenticated user"
issues.listForOrg,!org;filter;state;labels;sort;direction;since;per_page;page,"List all issues for a given organization assigned to the authenticated user"
issues.listForRepo,!owner;!repo;milestone;state;assignee;creator;mentioned;labels;sort;direction;since;per_page;page,"List issues for a repository"
issues.listLabelsForMilestone,!owner;!repo;!milestone_number;per_page;page,"Get labels for every issue in a milestone"
issues.listLabelsForRepo,!owner;!repo;per_page;page,"List all labels for this repository"
issues.listLabelsOnIssue,!owner;!repo;!issue_number;per_page;page,"List labels on an issue"
issues.listMilestonesForRepo,!owner;!repo;state;sort;direction;per_page;page,"List milestones for a repository"
issues.lock,!owner;!repo;!issue_number;lock_reason,"Lock an issue"
issues.removeAssignees,!owner;!repo;!issue_number;assignees,"Remove assignees from an issue"
issues.removeLabel,!owner;!repo;!issue_number;!name,"Remove a label from an issue"
issues.removeLabels,!owner;!repo;!issue_number,"Remove all labels from an issue"
issues.replaceLabels,!owner;!repo;!issue_number;labels,"Replace all labels for an issue"
issues.unlock,!owner;!repo;!issue_number,"Unlock an issue"
issues.update,!owner;!repo;!issue_number;title;body;assignee;state;milestone;labels;assignees,"Edit an issue"
issues.updateComment,!owner;!repo;!comment_id;!body,"Edit a comment"
issues.updateLabel,!owner;!repo;!name;new_name;color;description,"Update a label"
issues.updateMilestone,!owner;!repo;!milestone_number;title;state;description;due_on,"Update a milestone"
licenses.get,!license,"Get an individual license"
licenses.getForRepo,!owner;!repo,"Get the contents of a repository's license"
licenses.listCommonlyUsed,,"List commonly used licenses"
markdown.render,!text;mode;context,"Render an arbitrary Markdown document"
markdown.renderRaw,!data,"Render a Markdown document in raw mode"
meta.get,,"Get"
migrations.cancelImport,!owner;!repo,"Cancel an import"
migrations.deleteArchiveForAuthenticatedUser,!migration_id,"Delete a user migration archive"
migrations.deleteArchiveForOrg,!org;!migration_id,"Delete an organization migration archive"
migrations.downloadArchiveForOrg,!org;!migration_id,"Download an organization migration archive"
migrations.getArchiveForAuthenticatedUser,!migration_id,"Download a user migration archive"
migrations.getCommitAuthors,!owner;!repo;since,"Get commit authors"
migrations.getImportProgress,!owner;!repo,"Get import progress"
migrations.getLargeFiles,!owner;!repo,"Get large files"
migrations.getStatusForAuthenticatedUser,!migration_id,"Get the status of a user migration"
migrations.getStatusForOrg,!org;!migration_id,"Get the status of an organization migration"
migrations.listForAuthenticatedUser,per_page;page,"List user migrations"
migrations.listForOrg,!org;per_page;page,"List organization migrations"
migrations.listReposForOrg,!org;!migration_id;per_page;page,"List repositories in an organization migration"
migrations.listReposForUser,!migration_id;per_page;page,"List repositories for a user migration"
migrations.mapCommitAuthor,!owner;!repo;!author_id;email;name,"Map a commit author"
migrations.setLfsPreference,!owner;!repo;!use_lfs,"Set Git LFS preference"
migrations.startForAuthenticatedUser,!repositories;lock_repositories;exclude_attachments,"Start a user migration"
migrations.startForOrg,!org;!repositories;lock_repositories;exclude_attachments,"Start an organization migration"
migrations.startImport,!owner;!repo;!vcs_url;vcs;vcs_username;vcs_password;tfvc_project,"Start an import"
migrations.unlockRepoForAuthenticatedUser,!migration_id;!repo_name,"Unlock a user repository"
migrations.unlockRepoForOrg,!org;!migration_id;!repo_name,"Unlock an organization repository"
migrations.updateImport,!owner;!repo;vcs_username;vcs_password,"Update existing import"
orgs.addOrUpdateMembership,!org;!username;role,"Add or update organization membership"
orgs.blockUser,!org;!username,"Block a user"
orgs.checkBlockedUser,!org;!username,"Check whether a user is blocked from an organization"
orgs.checkMembership,!org;!username,"Check membership"
orgs.checkPublicMembership,!org;!username,"Check public membership"
orgs.concealMembership,!org;!username,"Conceal a user's membership"
orgs.convertMemberToOutsideCollaborator,!org;!username,"Convert member to outside collaborator"
orgs.createHook,!org;!name;!config;!config.url;config.content_type;config.secret;config.insecure_ssl;events;active,"Create a hook"
orgs.createInvitation,!org;invitee_id;email;role;team_ids,"Create organization invitation"
orgs.deleteHook,!org;!hook_id,"Delete a hook"
orgs.get,!org,"Get an organization"
orgs.getHook,!org;!hook_id,"Get single hook"
orgs.getMembership,!org;!username,"Get organization membership"
orgs.getMembershipForAuthenticatedUser,!org,"Get your organization membership"
orgs.list,since;per_page;page,"List all organizations"
orgs.listBlockedUsers,!org,"List blocked users"
orgs.listForAuthenticatedUser,per_page;page,"List your organizations"
orgs.listForUser,!username;per_page;page,"List user organizations"
orgs.listHooks,!org;per_page;page,"List hooks"
orgs.listInstallations,!org;per_page;page,"List installations for an organization"
orgs.listInvitationTeams,!org;!invitation_id;per_page;page,"List organization invitation teams"
orgs.listMembers,!org;filter;role;per_page;page,"Members list"
orgs.listMemberships,state;per_page;page,"List your organization memberships"
orgs.listOutsideCollaborators,!org;filter;per_page;page,"List outside collaborators"
orgs.listPendingInvitations,!org;per_page;page,"List pending organization invitations"
orgs.listPublicMembers,!org;per_page;page,"Public members list"
orgs.pingHook,!org;!hook_id,"Ping a hook"
orgs.publicizeMembership,!org;!username,"Publicize a user's membership"
orgs.removeMember,!org;!username,"Remove a member"
orgs.removeMembership,!org;!username,"Remove organization membership"
orgs.removeOutsideCollaborator,!org;!username,"Remove outside collaborator"
orgs.unblockUser,!org;!username,"Unblock a user"
orgs.update,!org;billing_email;company;email;location;name;description;has_organization_projects;has_repository_projects;default_repository_permission;members_can_create_repositories;members_can_create_internal_repositories;members_can_create_private_repositories;members_can_create_public_repositories;members_allowed_repository_creation_type,"Edit an organization"
orgs.updateHook,!org;!hook_id;config;!config.url;config.content_type;config.secret;config.insecure_ssl;events;active,"Edit a hook"
orgs.updateMembership,!org;!state,"Edit your organization membership"
projects.addCollaborator,!project_id;!username;permission,"Add user as a collaborator"
projects.createCard,!column_id;note;content_id;content_type,"Create a project card"
projects.createColumn,!project_id;!name,"Create a project column"
projects.createForAuthenticatedUser,!name;body,"Create a user project"
projects.createForOrg,!org;!name;body,"Create an organization project"
projects.createForRepo,!owner;!repo;!name;body,"Create a repository project"
projects.delete,!project_id,"Delete a project"
projects.deleteCard,!card_id,"Delete a project card"
projects.deleteColumn,!column_id,"Delete a project column"
projects.get,!project_id,"Get a project"
projects.getCard,!card_id,"Get a project card"
projects.getColumn,!column_id,"Get a project column"
projects.listCards,!column_id;archived_state;per_page;page,"List project cards"
projects.listCollaborators,!project_id;affiliation;per_page;page,"List collaborators"
projects.listColumns,!project_id;per_page;page,"List project columns"
projects.listForOrg,!org;state;per_page;page,"List organization projects"
projects.listForRepo,!owner;!repo;state;per_page;page,"List repository projects"
projects.listForUser,!username;state;per_page;page,"List user projects"
projects.moveCard,!card_id;!position;column_id,"Move a project card"
projects.moveColumn,!column_id;!position,"Move a project column"
projects.removeCollaborator,!project_id;!username,"Remove user as a collaborator"
projects.reviewUserPermissionLevel,!project_id;!username,"Review a user's permission level"
projects.update,!project_id;name;body;state;organization_permission;private,"Update a project"
projects.updateCard,!card_id;note;archived,"Update a project card"
projects.updateColumn,!column_id;!name,"Update a project column"
pulls.checkIfMerged,!owner;!repo;!pull_number,"Get if a pull request has been merged"
pulls.create,!owner;!repo;!title;!head;!base;body;maintainer_can_modify;draft,"Create a pull request"
pulls.createComment,!owner;!repo;!pull_number;!body;!commit_id;!path;position;side;line;start_line;start_side,"Create a comment"
pulls.createReview,!owner;!repo;!pull_number;commit_id;body;event;comments;!comments[].path;!comments[].position;!comments[].body,"Create a pull request review"
pulls.createReviewCommentReply,!owner;!repo;!pull_number;!comment_id;!body,"Create a review comment reply"
pulls.createReviewRequest,!owner;!repo;!pull_number;reviewers;team_reviewers,"Create a review request"
pulls.deleteComment,!owner;!repo;!comment_id,"Delete a comment"
pulls.deletePendingReview,!owner;!repo;!pull_number;!review_id,"Delete a pending review"
pulls.deleteReviewRequest,!owner;!repo;!pull_number;reviewers;team_reviewers,"Delete a review request"
pulls.dismissReview,!owner;!repo;!pull_number;!review_id;!message,"Dismiss a pull request review"
pulls.get,!owner;!repo;!pull_number,"Get a single pull request"
pulls.getComment,!owner;!repo;!comment_id,"Get a single comment"
pulls.getCommentsForReview,!owner;!repo;!pull_number;!review_id;per_page;page,"Get comments for a single review"
pulls.getReview,!owner;!repo;!pull_number;!review_id,"Get a single review"
pulls.list,!owner;!repo;state;head;base;sort;direction;per_page;page,"List pull requests"
pulls.listComments,!owner;!repo;!pull_number;sort;direction;since;per_page;page,"List comments on a pull request"
pulls.listCommentsForRepo,!owner;!repo;sort;direction;since;per_page;page,"List comments in a repository"
pulls.listCommits,!owner;!repo;!pull_number;per_page;page,"List commits on a pull request"
pulls.listFiles,!owner;!repo;!pull_number;per_page;page,"List pull requests files"
pulls.listReviewRequests,!owner;!repo;!pull_number;per_page;page,"List review requests"
pulls.listReviews,!owner;!repo;!pull_number;per_page;page,"List reviews on a pull request"
pulls.merge,!owner;!repo;!pull_number;commit_title;commit_message;sha;merge_method,"Merge a pull request (Merge Button)"
pulls.submitReview,!owner;!repo;!pull_number;!review_id;body;!event,"Submit a pull request review"
pulls.update,!owner;!repo;!pull_number;title;body;state;base;maintainer_can_modify,"Update a pull request"
pulls.updateBranch,!owner;!repo;!pull_number;expected_head_sha,"Update a pull request branch"
pulls.updateComment,!owner;!repo;!comment_id;!body,"Edit a comment"
pulls.updateReview,!owner;!repo;!pull_number;!review_id;!body,"Update a pull request review"
rateLimit.get,,"Get your current rate limit status"
reactions.createForCommitComment,!owner;!repo;!comment_id;!content,"Create reaction for a commit comment"
reactions.createForIssue,!owner;!repo;!issue_number;!content,"Create reaction for an issue"
reactions.createForIssueComment,!owner;!repo;!comment_id;!content,"Create reaction for an issue comment"
reactions.createForPullRequestReviewComment,!owner;!repo;!comment_id;!content,"Create reaction for a pull request review comment"
reactions.createForTeamDiscussionCommentInOrg,!org;!team_slug;!discussion_number;!comment_number;!content,"Create reaction for a team discussion comment"
reactions.createForTeamDiscussionInOrg,!org;!team_slug;!discussion_number;!content,"Create reaction for a team discussion"
reactions.delete,!reaction_id,"Delete a reaction"
reactions.listForCommitComment,!owner;!repo;!comment_id;content;per_page;page,"List reactions for a commit comment"
reactions.listForIssue,!owner;!repo;!issue_number;content;per_page;page,"List reactions for an issue"
reactions.listForIssueComment,!owner;!repo;!comment_id;content;per_page;page,"List reactions for an issue comment"
reactions.listForPullRequestReviewComment,!owner;!repo;!comment_id;content;per_page;page,"List reactions for a pull request review comment"
reactions.listForTeamDiscussionCommentInOrg,!org;!team_slug;!discussion_number;!comment_number;content;per_page;page,"List reactions for a team discussion comment"
reactions.listForTeamDiscussionInOrg,!org;!team_slug;!discussion_number;content;per_page;page,"List reactions for a team discussion"
repos.acceptInvitation,!invitation_id,"Accept a repository invitation"
repos.addCollaborator,!owner;!repo;!username;permission,"Add user as a collaborator"
repos.addDeployKey,!owner;!repo;title;!key;read_only,"Add a new deploy key"
repos.addProtectedBranchAdminEnforcement,!owner;!repo;!branch,"Add admin enforcement of protected branch"
repos.addProtectedBranchAppRestrictions,!owner;!repo;!branch;!apps,"Add app restrictions of protected branch"
repos.addProtectedBranchRequiredSignatures,!owner;!repo;!branch,"Add required signatures of protected branch"
repos.addProtectedBranchRequiredStatusChecksContexts,!owner;!repo;!branch;!contexts,"Add required status checks contexts of protected branch"
repos.addProtectedBranchTeamRestrictions,!owner;!repo;!branch;!teams,"Add team restrictions of protected branch"
repos.addProtectedBranchUserRestrictions,!owner;!repo;!branch;!users,"Add user restrictions of protected branch"
repos.checkCollaborator,!owner;!repo;!username,"Check if a user is a collaborator"
repos.checkVulnerabilityAlerts,!owner;!repo,"Check if vulnerability alerts are enabled for a repository"
repos.compareCommits,!owner;!repo;!base;!head,"Compare two commits"
repos.createCommitComment,!owner;!repo;!commit_sha;!body;path;position;line,"Create a commit comment"
repos.createDeployment,!owner;!repo;!ref;task;auto_merge;required_contexts;payload;environment;description;transient_environment;production_environment,"Create a deployment"
repos.createDeploymentStatus,!owner;!repo;!deployment_id;!state;target_url;log_url;description;environment;environment_url;auto_inactive,"Create a deployment status"
repos.createDispatchEvent,!owner;!repo;event_type;client_payload,"Create a repository dispatch event"
repos.createForAuthenticatedUser,!name;description;homepage;private;visibility;has_issues;has_projects;has_wiki;is_template;team_id;auto_init;gitignore_template;license_template;allow_squash_merge;allow_merge_commit;allow_rebase_merge;delete_branch_on_merge,"Creates a new repository for the authenticated user"
repos.createFork,!owner;!repo;organization,"Create a fork"
repos.createHook,!owner;!repo;name;!config;!config.url;config.content_type;config.secret;config.insecure_ssl;events;active,"Create a hook"
repos.createInOrg,!org;!name;description;homepage;private;visibility;has_issues;has_projects;has_wiki;is_template;team_id;auto_init;gitignore_template;license_template;allow_squash_merge;allow_merge_commit;allow_rebase_merge;delete_branch_on_merge,"Creates a new repository in the specified organization"
repos.createOrUpdateFile,!owner;!repo;!path;!message;!content;sha;branch;committer;!committer.name;!committer.email;author;!author.name;!author.email,"Create or update a file"
repos.createRelease,!owner;!repo;!tag_name;target_commitish;name;body;draft;prerelease,"Create a release"
repos.createStatus,!owner;!repo;!sha;!state;target_url;description;context,"Create a status"
repos.createUsingTemplate,!template_owner;!template_repo;owner;!name;description;private,"Create repository using a repository template"
repos.declineInvitation,!invitation_id,"Decline a repository invitation"
repos.delete,!owner;!repo,"Delete a repository"
repos.deleteCommitComment,!owner;!repo;!comment_id,"Delete a commit comment"
repos.deleteDeployment,!owner;!repo;!deployment_id,"Delete a deployment"
repos.deleteDownload,!owner;!repo;!download_id,"Delete a download"
repos.deleteFile,!owner;!repo;!path;!message;!sha;branch;committer;committer.name;committer.email;author;author.name;author.email,"Delete a file"
repos.deleteHook,!owner;!repo;!hook_id,"Delete a hook"
repos.deleteInvitation,!owner;!repo;!invitation_id,"Delete a repository invitation"
repos.deleteRelease,!owner;!repo;!release_id,"Delete a release"
repos.deleteReleaseAsset,!owner;!repo;!asset_id,"Delete a release asset"
repos.disableAutomatedSecurityFixes,!owner;!repo,"Disable automated security fixes"
repos.disablePagesSite,!owner;!repo,"Disable a Pages site"
repos.disableVulnerabilityAlerts,!owner;!repo,"Disable vulnerability alerts"
repos.enableAutomatedSecurityFixes,!owner;!repo,"Enable automated security fixes"
repos.enablePagesSite,!owner;!repo;source;source.branch;source.path,"Enable a Pages site"
repos.enableVulnerabilityAlerts,!owner;!repo,"Enable vulnerability alerts"
repos.get,!owner;!repo,"Get"
repos.getAppsWithAccessToProtectedBranch,!owner;!repo;!branch,"Get apps with access to protected branch"
repos.getArchiveLink,!owner;!repo;!archive_format;!ref,"Get archive link"
repos.getBranch,!owner;!repo;!branch,"Get branch"
repos.getBranchProtection,!owner;!repo;!branch,"Get branch protection"
repos.getClones,!owner;!repo;per,"Clones"
repos.getCodeFrequencyStats,!owner;!repo,"Get the number of additions and deletions per week"
repos.getCollaboratorPermissionLevel,!owner;!repo;!username,"Review a user's permission level"
repos.getCombinedStatusForRef,!owner;!repo;!ref,"Get the combined status for a specific ref"
repos.getCommit,!owner;!repo;!ref,"Get a single commit"
repos.getCommitActivityStats,!owner;!repo,"Get the last year of commit activity data"
repos.getCommitComment,!owner;!repo;!comment_id,"Get a single commit comment"
repos.getContents,!owner;!repo;!path;ref,"Get contents"
repos.getContributorsStats,!owner;!repo,"Get contributors list with additions, deletions, and commit counts"
repos.getDeployKey,!owner;!repo;!key_id,"Get a deploy key"
repos.getDeployment,!owner;!repo;!deployment_id,"Get a single deployment"
repos.getDeploymentStatus,!owner;!repo;!deployment_id;!status_id,"Get a single deployment status"
repos.getDownload,!owner;!repo;!download_id,"Get a single download"
repos.getHook,!owner;!repo;!hook_id,"Get single hook"
repos.getLatestPagesBuild,!owner;!repo,"Get latest Pages build"
repos.getLatestRelease,!owner;!repo,"Get the latest release"
repos.getPages,!owner;!repo,"Get information about a Pages site"
repos.getPagesBuild,!owner;!repo;!build_id,"Get a specific Pages build"
repos.getParticipationStats,!owner;!repo,"Get the weekly commit count for the repository owner and everyone else"
repos.getProtectedBranchAdminEnforcement,!owner;!repo;!branch,"Get admin enforcement of protected branch"
repos.getProtectedBranchPullRequestReviewEnforcement,!owner;!repo;!branch,"Get pull request review enforcement of protected branch"
repos.getProtectedBranchRequiredSignatures,!owner;!repo;!branch,"Get required signatures of protected branch"
repos.getProtectedBranchRequiredStatusChecks,!owner;!repo;!branch,"Get required status checks of protected branch"
repos.getProtectedBranchRestrictions,!owner;!repo;!branch,"Get restrictions of protected branch"
repos.getPunchCardStats,!owner;!repo,"Get the number of commits per hour in each day"
repos.getReadme,!owner;!repo;ref,"Get the README"
repos.getRelease,!owner;!repo;!release_id,"Get a single release"
repos.getReleaseAsset,!owner;!repo;!asset_id,"Get a single release asset"
repos.getReleaseByTag,!owner;!repo;!tag,"Get a release by tag name"
repos.getTeamsWithAccessToProtectedBranch,!owner;!repo;!branch,"Get teams with access to protected branch"
repos.getTopPaths,!owner;!repo,"List paths"
repos.getTopReferrers,!owner;!repo,"List referrers"
repos.getUsersWithAccessToProtectedBranch,!owner;!repo;!branch,"Get users with access to protected branch"
repos.getViews,!owner;!repo;per,"Views"
repos.list,visibility;affiliation;type;sort;direction;per_page;page,"List your repositories"
repos.listAssetsForRelease,!owner;!repo;!release_id;per_page;page,"List assets for a release"
repos.listBranches,!owner;!repo;protected;per_page;page,"List branches"
repos.listBranchesForHeadCommit,!owner;!repo;!commit_sha,"List branches for HEAD commit"
repos.listCollaborators,!owner;!repo;affiliation;per_page;page,"List collaborators"
repos.listCommentsForCommit,!owner;!repo;!commit_sha;per_page;page,"List comments for a single commit"
repos.listCommitComments,!owner;!repo;per_page;page,"List commit comments for a repository"
repos.listCommits,!owner;!repo;sha;path;author;since;until;per_page;page,"List commits on a repository"
repos.listContributors,!owner;!repo;anon;per_page;page,"List contributors"
repos.listDeployKeys,!owner;!repo;per_page;page,"List deploy keys"
repos.listDeploymentStatuses,!owner;!repo;!deployment_id;per_page;page,"List deployment statuses"
repos.listDeployments,!owner;!repo;sha;ref;task;environment;per_page;page,"List deployments"
repos.listDownloads,!owner;!repo;per_page;page,"List downloads for a repository"
repos.listForOrg,!org;type;sort;direction;per_page;page,"List organization repositories"
repos.listForUser,!username;type;sort;direction;per_page;page,"List user repositories"
repos.listForks,!owner;!repo;sort;per_page;page,"List forks"
repos.listHooks,!owner;!repo;per_page;page,"List hooks"
repos.listInvitations,!owner;!repo;per_page;page,"List invitations for a repository"
repos.listInvitationsForAuthenticatedUser,per_page;page,"List a user's repository invitations"
repos.listLanguages,!owner;!repo,"List languages"
repos.listPagesBuilds,!owner;!repo;per_page;page,"List Pages builds"
repos.listProtectedBranchRequiredStatusChecksContexts,!owner;!repo;!branch,"List required status checks contexts of protected branch"
repos.listPublic,since;per_page;page,"List all public repositories"
repos.listPullRequestsAssociatedWithCommit,!owner;!repo;!commit_sha;per_page;page,"List pull requests associated with commit"
repos.listReleases,!owner;!repo;per_page;page,"List releases for a repository"
repos.listStatusesForRef,!owner;!repo;!ref;per_page;page,"List statuses for a specific ref"
repos.listTags,!owner;!repo;per_page;page,"List tags"
repos.listTeams,!owner;!repo;per_page;page,"List teams"
repos.listTopics,!owner;!repo,"List all topics for a repository"
repos.merge,!owner;!repo;!base;!head;commit_message,"Perform a merge"
repos.pingHook,!owner;!repo;!hook_id,"Ping a hook"
repos.removeBranchProtection,!owner;!repo;!branch,"Remove branch protection"
repos.removeCollaborator,!owner;!repo;!username,"Remove user as a collaborator"
repos.removeDeployKey,!owner;!repo;!key_id,"Remove a deploy key"
repos.removeProtectedBranchAdminEnforcement,!owner;!repo;!branch,"Remove admin enforcement of protected branch"
repos.removeProtectedBranchAppRestrictions,!owner;!repo;!branch;!apps,"Remove app restrictions of protected branch"
repos.removeProtectedBranchPullRequestReviewEnforcement,!owner;!repo;!branch,"Remove pull request review enforcement of protected branch"
repos.removeProtectedBranchRequiredSignatures,!owner;!repo;!branch,"Remove required signatures of protected branch"
repos.removeProtectedBranchRequiredStatusChecks,!owner;!repo;!branch,"Remove required status checks of protected branch"
repos.removeProtectedBranchRequiredStatusChecksContexts,!owner;!repo;!branch;!contexts,"Remove required status checks contexts of protected branch"
repos.removeProtectedBranchRestrictions,!owner;!repo;!branch,"Remove restrictions of protected branch"
repos.removeProtectedBranchTeamRestrictions,!owner;!repo;!branch;!teams,"Remove team restrictions of protected branch"
repos.removeProtectedBranchUserRestrictions,!owner;!repo;!branch;!users,"Remove user restrictions of protected branch"
repos.replaceProtectedBranchAppRestrictions,!owner;!repo;!branch;!apps,"Replace app restrictions of protected branch"
repos.replaceProtectedBranchRequiredStatusChecksContexts,!owner;!repo;!branch;!contexts,"Replace required status checks contexts of protected branch"
repos.replaceProtectedBranchTeamRestrictions,!owner;!repo;!branch;!teams,"Replace team restrictions of protected branch"
repos.replaceProtectedBranchUserRestrictions,!owner;!repo;!branch;!users,"Replace user restrictions of protected branch"
repos.replaceTopics,!owner;!repo;!names,"Replace all topics for a repository"
repos.requestPageBuild,!owner;!repo,"Request a page build"
repos.retrieveCommunityProfileMetrics,!owner;!repo,"Retrieve community profile metrics"
repos.testPushHook,!owner;!repo;!hook_id,"Test a push hook"
repos.transfer,!owner;!repo;new_owner;team_ids,"Transfer a repository"
repos.update,!owner;!repo;name;description;homepage;private;visibility;has_issues;has_projects;has_wiki;is_template;default_branch;allow_squash_merge;allow_merge_commit;allow_rebase_merge;delete_branch_on_merge;archived,"Edit"
repos.updateBranchProtection,!owner;!repo;!branch;!required_status_checks;!required_status_checks.strict;!required_status_checks.contexts;!enforce_admins;!required_pull_request_reviews;required_pull_request_reviews.dismissal_restrictions;required_pull_request_reviews.dismissal_restrictions.users;required_pull_request_reviews.dismissal_restrictions.teams;required_pull_request_reviews.dismiss_stale_reviews;required_pull_request_reviews.require_code_owner_reviews;required_pull_request_reviews.required_approving_review_count;!restrictions;!restrictions.users;!restrictions.teams;restrictions.apps;required_linear_history;allow_force_pushes;allow_deletions,"Update branch protection"
repos.updateCommitComment,!owner;!repo;!comment_id;!body,"Update a commit comment"
repos.updateHook,!owner;!repo;!hook_id;config;!config.url;config.content_type;config.secret;config.insecure_ssl;events;add_events;remove_events;active,"Edit a hook"
repos.updateInformationAboutPagesSite,!owner;!repo;cname;source,"Update information about a Pages site"
repos.updateInvitation,!owner;!repo;!invitation_id;permissions,"Update a repository invitation"
repos.updateProtectedBranchPullRequestReviewEnforcement,!owner;!repo;!branch;dismissal_restrictions;dismissal_restrictions.users;dismissal_restrictions.teams;dismiss_stale_reviews;require_code_owner_reviews;required_approving_review_count,"Update pull request review enforcement of protected branch"
repos.updateProtectedBranchRequiredStatusChecks,!owner;!repo;!branch;strict;contexts,"Update required status checks of protected branch"
repos.updateRelease,!owner;!repo;!release_id;tag_name;target_commitish;name;body;draft;prerelease,"Edit a release"
repos.updateReleaseAsset,!owner;!repo;!asset_id;name;label,"Edit a release asset"
repos.uploadReleaseAsset,!owner;!repo;!release_id;name;label;!data;origin,"Upload a release asset"
search.code,!q;sort;order;per_page;page,"Search code"
search.commits,!q;sort;order;per_page;page,"Search commits"
search.issuesAndPullRequests,!q;sort;order;per_page;page,"Search issues and pull requests"
search.labels,!repository_id;!q;sort;order,"Search labels"
search.repos,!q;sort;order;per_page;page,"Search repositories"
search.topics,!q,"Search topics"
search.users,!q;sort;order;per_page;page,"Search users"
teams.addOrUpdateMembershipInOrg,!org;!team_slug;!username;role,"Add or update team membership"
teams.addOrUpdateProjectInOrg,!org;!team_slug;!project_id;permission,"Add or update team project"
teams.addOrUpdateRepoInOrg,!org;!team_slug;!owner;!repo;permission,"Add or update team repository"
teams.checkManagesRepoInOrg,!org;!team_slug;!owner;!repo,"Check if a team manages a repository"
teams.create,!org;!name;description;maintainers;repo_names;privacy;permission;parent_team_id,"Create team"
teams.createDiscussionCommentInOrg,!org;!team_slug;!discussion_number;!body,"Create a comment"
teams.createDiscussionInOrg,!org;!team_slug;!title;!body;private,"Create a discussion"
teams.deleteDiscussionCommentInOrg,!org;!team_slug;!discussion_number;!comment_number,"Delete a comment"
teams.deleteDiscussionInOrg,!org;!team_slug;!discussion_number,"Delete a discussion"
teams.deleteInOrg,!org;!team_slug,"Delete team"
teams.getByName,!org;!team_slug,"Get team by name"
teams.getDiscussionCommentInOrg,!org;!team_slug;!discussion_number;!comment_number,"Get a single comment"
teams.getDiscussionInOrg,!org;!team_slug;!discussion_number,"Get a single discussion"
teams.getMembershipInOrg,!org;!team_slug;!username,"Get team membership"
teams.list,!org;per_page;page,"List teams"
teams.listChildInOrg,!org;!team_slug;per_page;page,"List child teams"
teams.listDiscussionCommentsInOrg,!org;!team_slug;!discussion_number;direction;per_page;page,"List comments"
teams.listDiscussionsInOrg,!org;!team_slug;direction;per_page;page,"List discussions"
teams.listForAuthenticatedUser,per_page;page,"List user teams"
teams.listMembersInOrg,!org;!team_slug;role;per_page;page,"List team members"
teams.listPendingInvitationsInOrg,!org;!team_slug;per_page;page,"List pending team invitations"
teams.listProjectsInOrg,!org;!team_slug;per_page;page,"List team projects"
teams.listReposInOrg,!org;!team_slug;per_page;page,"List team repos"
teams.removeMembershipInOrg,!org;!team_slug;!username,"Remove team membership"
teams.removeProjectInOrg,!org;!team_slug;!project_id,"Remove team project"
teams.removeRepoInOrg,!org;!team_slug;!owner;!repo,"Remove team repository"
teams.reviewProjectInOrg,!org;!team_slug;!project_id,"Review a team project"
teams.updateDiscussionCommentInOrg,!org;!team_slug;!discussion_number;!comment_number;!body,"Edit a comment"
teams.updateDiscussionInOrg,!org;!team_slug;!discussion_number;title;body,"Edit a discussion"
teams.updateInOrg,!org;!team_slug;!name;description;privacy;permission;parent_team_id,"Edit team"
users.addEmails,!emails,"Add email address(es)"
users.block,!username,"Block a user"
users.checkBlocked,!username,"Check whether you've blocked a user"
users.checkFollowing,!username,"Check if you are following a user"
users.checkFollowingForUser,!username;!target_user,"Check if one user follows another"
users.createGpgKey,armored_public_key,"Create a GPG key"
users.createPublicKey,title;key,"Create a public key"
users.deleteEmails,!emails,"Delete email address(es)"
users.deleteGpgKey,!gpg_key_id,"Delete a GPG key"
users.deletePublicKey,!key_id,"Delete a public key"
users.follow,!username,"Follow a user"
users.getAuthenticated,,"Get the authenticated user"
users.getByUsername,!username,"Get a single user"
users.getContextForUser,!username;subject_type;subject_id,"Get contextual information about a user"
users.getGpgKey,!gpg_key_id,"Get a single GPG key"
users.getPublicKey,!key_id,"Get a single public key"
users.list,since;per_page;page,"Get all users"
users.listBlocked,,"List blocked users"
users.listEmails,per_page;page,"List email addresses for a user"
users.listFollowersForAuthenticatedUser,per_page;page,"List the authenticated user's followers"
users.listFollowersForUser,!username;per_page;page,"List a user's followers"
users.listFollowingForAuthenticatedUser,per_page;page,"List who the authenticated user is following"
users.listFollowingForUser,!username;per_page;page,"List who a user is following"
users.listGpgKeys,per_page;page,"List your GPG keys"
users.listGpgKeysForUser,!username;per_page;page,"List GPG keys for a user"
users.listPublicEmails,per_page;page,"List public email addresses for a user"
users.listPublicKeys,per_page;page,"List your public keys"
users.listPublicKeysForUser,!username;per_page;page,"List public keys for a user"
users.togglePrimaryEmailVisibility,!email;!visibility,"Toggle primary email visibility"
users.unblock,!username,"Unblock a user"
users.unfollow,!username,"Unfollow a user"
users.updateAuthenticated,name;email;blog;company;location;hireable;bio,"Update the authenticated user"
